--
-- PostgreSQL database dump
--

\restrict 9s32K749JBDrO8GuQOAqqvNVCrWA9b9idjGPomFdXEYWShGOaa0Bong26Aol7fs

-- Dumped from database version 17.6
-- Dumped by pg_dump version 17.6

-- Started on 2025-12-08 23:24:08

SET statement_timeout = 0;
SET lock_timeout = 0;
SET idle_in_transaction_session_timeout = 0;
SET transaction_timeout = 0;
SET client_encoding = 'UTF8';
SET standard_conforming_strings = on;
SELECT pg_catalog.set_config('search_path', '', false);
SET check_function_bodies = false;
SET xmloption = content;
SET client_min_messages = warning;
SET row_security = off;

SET default_tablespace = '';

SET default_table_access_method = heap;

--
-- TOC entry 217 (class 1259 OID 16755)
-- Name: __EFMigrationsHistory; Type: TABLE; Schema: public; Owner: postgres
--

CREATE TABLE public."__EFMigrationsHistory" (
    "MigrationId" character varying(150) NOT NULL,
    "ProductVersion" character varying(32) NOT NULL
);


ALTER TABLE public."__EFMigrationsHistory" OWNER TO postgres;

--
-- TOC entry 233 (class 1259 OID 16905)
-- Name: cart_items; Type: TABLE; Schema: public; Owner: postgres
--

CREATE TABLE public.cart_items (
    cart_item_id integer NOT NULL,
    shopping_cart_id character varying(100) NOT NULL,
    amount integer NOT NULL,
    game_id integer NOT NULL,
    created_at timestamp with time zone NOT NULL
);


ALTER TABLE public.cart_items OWNER TO postgres;

--
-- TOC entry 232 (class 1259 OID 16904)
-- Name: cart_items_cart_item_id_seq; Type: SEQUENCE; Schema: public; Owner: postgres
--

ALTER TABLE public.cart_items ALTER COLUMN cart_item_id ADD GENERATED BY DEFAULT AS IDENTITY (
    SEQUENCE NAME public.cart_items_cart_item_id_seq
    START WITH 1
    INCREMENT BY 1
    NO MINVALUE
    NO MAXVALUE
    CACHE 1
);


--
-- TOC entry 219 (class 1259 OID 16761)
-- Name: game; Type: TABLE; Schema: public; Owner: postgres
--

CREATE TABLE public.game (
    game_id integer NOT NULL,
    title character varying(200) NOT NULL,
    description text NOT NULL,
    price numeric(10,2) NOT NULL,
    release_date date NOT NULL,
    developer character varying(150) NOT NULL,
    cover_image_url character varying(255) NOT NULL,
    created_at timestamp with time zone DEFAULT '-infinity'::timestamp with time zone NOT NULL,
    external_id character varying(100),
    is_active boolean DEFAULT false NOT NULL,
    publisher character varying(150) DEFAULT ''::character varying NOT NULL,
    rating numeric,
    trailer_url character varying(255) DEFAULT ''::character varying,
    updated_at timestamp with time zone
);


ALTER TABLE public.game OWNER TO postgres;

--
-- TOC entry 218 (class 1259 OID 16760)
-- Name: game_game_id_seq; Type: SEQUENCE; Schema: public; Owner: postgres
--

ALTER TABLE public.game ALTER COLUMN game_id ADD GENERATED BY DEFAULT AS IDENTITY (
    SEQUENCE NAME public.game_game_id_seq
    START WITH 1
    INCREMENT BY 1
    NO MINVALUE
    NO MAXVALUE
    CACHE 1
);


--
-- TOC entry 224 (class 1259 OID 16784)
-- Name: game_genres; Type: TABLE; Schema: public; Owner: postgres
--

CREATE TABLE public.game_genres (
    game_id integer NOT NULL,
    genres_id integer NOT NULL,
    "GenresId1" integer NOT NULL
);


ALTER TABLE public.game_genres OWNER TO postgres;

--
-- TOC entry 221 (class 1259 OID 16769)
-- Name: genres; Type: TABLE; Schema: public; Owner: postgres
--

CREATE TABLE public.genres (
    genres_id integer NOT NULL,
    name_genres character varying(100) NOT NULL,
    description_genres text NOT NULL
);


ALTER TABLE public.genres OWNER TO postgres;

--
-- TOC entry 220 (class 1259 OID 16768)
-- Name: genres_genres_id_seq; Type: SEQUENCE; Schema: public; Owner: postgres
--

ALTER TABLE public.genres ALTER COLUMN genres_id ADD GENERATED BY DEFAULT AS IDENTITY (
    SEQUENCE NAME public.genres_genres_id_seq
    START WITH 1
    INCREMENT BY 1
    NO MINVALUE
    NO MAXVALUE
    CACHE 1
);


--
-- TOC entry 231 (class 1259 OID 16844)
-- Name: order_items; Type: TABLE; Schema: public; Owner: postgres
--

CREATE TABLE public.order_items (
    order_item_id integer NOT NULL,
    unit_price numeric(10,2) NOT NULL,
    order_id integer NOT NULL,
    game_id integer NOT NULL
);


ALTER TABLE public.order_items OWNER TO postgres;

--
-- TOC entry 230 (class 1259 OID 16843)
-- Name: order_items_order_item_id_seq; Type: SEQUENCE; Schema: public; Owner: postgres
--

ALTER TABLE public.order_items ALTER COLUMN order_item_id ADD GENERATED BY DEFAULT AS IDENTITY (
    SEQUENCE NAME public.order_items_order_item_id_seq
    START WITH 1
    INCREMENT BY 1
    NO MINVALUE
    NO MAXVALUE
    CACHE 1
);


--
-- TOC entry 226 (class 1259 OID 16800)
-- Name: orders; Type: TABLE; Schema: public; Owner: postgres
--

CREATE TABLE public.orders (
    order_id integer NOT NULL,
    order_date timestamp with time zone NOT NULL,
    total_amount numeric(10,2) NOT NULL,
    payment_method character varying(50) NOT NULL,
    user_id integer NOT NULL
);


ALTER TABLE public.orders OWNER TO postgres;

--
-- TOC entry 225 (class 1259 OID 16799)
-- Name: orders_order_id_seq; Type: SEQUENCE; Schema: public; Owner: postgres
--

ALTER TABLE public.orders ALTER COLUMN order_id ADD GENERATED BY DEFAULT AS IDENTITY (
    SEQUENCE NAME public.orders_order_id_seq
    START WITH 1
    INCREMENT BY 1
    NO MINVALUE
    NO MAXVALUE
    CACHE 1
);


--
-- TOC entry 228 (class 1259 OID 16811)
-- Name: reviews; Type: TABLE; Schema: public; Owner: postgres
--

CREATE TABLE public.reviews (
    review_id integer NOT NULL,
    rating integer NOT NULL,
    comment text NOT NULL,
    created_at timestamp with time zone NOT NULL,
    game_id integer NOT NULL,
    user_id integer NOT NULL
);


ALTER TABLE public.reviews OWNER TO postgres;

--
-- TOC entry 227 (class 1259 OID 16810)
-- Name: reviews_review_id_seq; Type: SEQUENCE; Schema: public; Owner: postgres
--

ALTER TABLE public.reviews ALTER COLUMN review_id ADD GENERATED BY DEFAULT AS IDENTITY (
    SEQUENCE NAME public.reviews_review_id_seq
    START WITH 1
    INCREMENT BY 1
    NO MINVALUE
    NO MAXVALUE
    CACHE 1
);


--
-- TOC entry 229 (class 1259 OID 16828)
-- Name: user_library; Type: TABLE; Schema: public; Owner: postgres
--

CREATE TABLE public.user_library (
    user_id integer NOT NULL,
    game_id integer NOT NULL,
    acquired_time timestamp with time zone NOT NULL
);


ALTER TABLE public.user_library OWNER TO postgres;

--
-- TOC entry 223 (class 1259 OID 16777)
-- Name: users; Type: TABLE; Schema: public; Owner: postgres
--

CREATE TABLE public.users (
    user_id integer NOT NULL,
    username character varying(100) NOT NULL,
    email character varying(255) NOT NULL,
    password_hash character varying(255) NOT NULL,
    role text NOT NULL,
    created_at timestamp with time zone NOT NULL,
    avatar_url character varying(500)
);


ALTER TABLE public.users OWNER TO postgres;

--
-- TOC entry 222 (class 1259 OID 16776)
-- Name: users_user_id_seq; Type: SEQUENCE; Schema: public; Owner: postgres
--

ALTER TABLE public.users ALTER COLUMN user_id ADD GENERATED BY DEFAULT AS IDENTITY (
    SEQUENCE NAME public.users_user_id_seq
    START WITH 1
    INCREMENT BY 1
    NO MINVALUE
    NO MAXVALUE
    CACHE 1
);


--
-- TOC entry 4972 (class 0 OID 16755)
-- Dependencies: 217
-- Data for Name: __EFMigrationsHistory; Type: TABLE DATA; Schema: public; Owner: postgres
--

COPY public."__EFMigrationsHistory" ("MigrationId", "ProductVersion") FROM stdin;
20251021075309_InitialSchemaAfterDeletion	9.0.9
20251110095110_AddExtraFieldsToGame	9.0.9
20251110101510_FullSchemaCreate	9.0.9
20251110104541_MakeTrailerUrlNullable	9.0.9
20251111080050_AddAvatarUrlToUser	9.0.9
20251201082912_AddShoppingCart	9.0.9
\.


--
-- TOC entry 4988 (class 0 OID 16905)
-- Dependencies: 233
-- Data for Name: cart_items; Type: TABLE DATA; Schema: public; Owner: postgres
--

COPY public.cart_items (cart_item_id, shopping_cart_id, amount, game_id, created_at) FROM stdin;
1	60b547fd-e090-44b5-8f19-a5d2562ddfb9	1	16	2025-12-01 10:42:55.096677+02
2	8bb70e19-1463-4346-a0bd-090a0fa54fc2	2	16	2025-12-01 10:44:37.249153+02
3	01a9dadc-f8c8-4b2f-adee-206c1dc5f473	1	16	2025-12-01 10:46:51.997668+02
4	4fba2641-3a0a-4891-8dfe-e6d63675782e	1	16	2025-12-01 10:48:06.389191+02
5	4fba2641-3a0a-4891-8dfe-e6d63675782e	1	15	2025-12-01 10:48:15.115695+02
6	2039e9f8-6488-42fd-b890-d1ce3e565c31	1	17	2025-12-01 12:03:38.493114+02
\.


--
-- TOC entry 4974 (class 0 OID 16761)
-- Dependencies: 219
-- Data for Name: game; Type: TABLE DATA; Schema: public; Owner: postgres
--

COPY public.game (game_id, title, description, price, release_date, developer, cover_image_url, created_at, external_id, is_active, publisher, rating, trailer_url, updated_at) FROM stdin;
14	Heroes of Might and Magic 3: Complete	Includes Heroes of Might & Magic III and its expansions: Armageddon's Blade and The Shadow of Death\r\nMurder, treachery, resurrection, savage battles and ultimately-freedom!\r\nWhen Erathia's King Gryphonheart is murdered by traitors he is resurrected as an undead warlord who leads a ruthless invasion of his former Kingdom. Little resistance is met until his daughter Catherine, Queen of Enroth, returns to her homeland commanding an army of elite Enrothian warriors. Meanwhile the Necromancers raise large hordes of undead and advance towards the Erathian capitol. Queen Catherine receives the aid of her father's survived generals and embarks on a crusade to reclaim her lost land.\r\nYou control the greatest heroes and fiercest creatures in a conflict of epic proportions, as Cathereine fights to restore her family's rightful reign, uncover her father's killers and free him from the dark prison of his undead body!\r\nThis is a must have for every Might and Magic series fan! Insanely addictive gameplay that will make you want to play “just one more turn” over and over again\r\nGreat multiplayer, especially when playing in hot seat mode on one PC	150.00	2000-03-31	New World Computing	https://media.rawg.io/media/games/efa/efa20a88e86267ed7c49f394fa22c1d0.jpg	2025-11-10 13:02:43.565415+02	22685	t	Ubisoft Entertainment	4.5	\N	2025-11-10 13:03:04.97451+02
15	Sid Meier’s Civilization VII	DELUXE AND FOUNDERS EDITIONS\r\nSid Meier's Civilization® VII Founders EditionExpand the strategic horizons of your empire and enjoy more options for your reign with Sid Meier's Civilization® VII Founders Edition! This digital-only edition is only available until February 28, 2025—get it now before it's history. Founders Edition includes: • Full base game• Tecumseh and Shawnee Pack • Crossroads of the World Collection, with post-launch content featuring 2 new leaders, 4 new civilizations, 4 new Natural Wonders, a special cosmetic bonus, and more• Right to Rule Collection, with post-launch content featuring 2 new leaders, 4 new civilizations, 4 new wonders, a special cosmetic bonus, and more!*• Deluxe Content Pack, which includes:- 2 leader personas- 4 profile customizations- 1 alternate scout skin• Founders Content Pack, which includes:- 2 leader personas- 4 profile customizations- 1 fog of war tile set - 1 Founders palace skin\r\nSid Meier's Civilization® VII Deluxe EditionExpand the strategic horizons of your empire and enjoy more options for your reign with Sid Meier's Civilization® VII Deluxe Edition! Deluxe Edition includes: • Full base game• Tecumseh and Shawnee Pack• Crossroads of the World Collection, with post-launch content featuring 2 new leaders, 4 new civilizations, 4 new Natural Wonders, a special cosmetic bonus, and more!• Deluxe Content Pack, which includes:- 2 leader personas- 4 profile customizations - 1 alternate scout skin\r\nLink your 2K Account to play as NapoleonGet Napoleon and his Emperor Persona in Sid Meier's Civilization VII*By setting up a free 2K Account, you're entitled to add Napoleon Bonaparte with his Emperor Persona to your selection of leaders in Civilization VII at launch!To earn this reward, sign-up or log in via the 2K Account portal, link the account and platform you'll use to play Civilization VII via the "Connections" tab underneath "Account Overview," seen on the left side of the screen. Once Civilization VII is available, you'll simply log into your 2K Account in-game to access Napoleon Bonaparte with his Emperor Persona.Like all leader Personas, Napoleon's Emperor Persona has a unique outfit and background, new gameplay bonuses, and an alternative agenda when played by the AI. Napoleon's Emperor Persona specializes in commerce and military might, with a new Unique Ability: Empereur des Français, which is a Unique Diplomatic Action that reduces the Trade Route capacity for a target civilization and causes massive Grievances. He also gets bonus Gold per Age for every leader he's Unfriendly or Hostile with.*Requires an internet connection, and a 2K Account linked to the platform account used to play Sid Meier's Civilization VII. 2K Accounts are free. One per 2K Account. Reward will be automatically delivered in-game. Void where prohibited. Terms apply.\r\nAbout the GameThe award-winning strategy game franchise returns with a revolutionary new chapter. Sid Meier's Civilization® VII empowers you to build the greatest empire the world has ever known!  In Civilization VII, your strategic decisions shape the unique cultural lineage of your evolving empire. Rule as one of many legendary leaders from throughout history and steer the course of your story by choosing a new civilization to represent your empire in each Age of human advancement. Construct cities and architectural wonders to expand your territory, improve your civilization with technological breakthroughs, and conquer or cooperate with rival civilizations as you explore the far reaches of the unknown world. Pursue prosperity in an immersive solo experience or play with others in online multiplayer.** Whether you choose to follow a path rooted in history or reimagine possibilities to chart your own way forward, build something you believe in and create a legacy that echoes through the Ages in Civilization VII. BUILD AN EMPIRE THAT STANDS THE TEST OF TIME Lead your empire through distinct Ages of human history. Each Age is its own rich, nuanced journey, with unique playable civilizations, available resources, explorable land, and even entire gameplay systems, creating a deep, historically immersive strategy experience. Strive to accomplish significant scientific, cultural, militaristic, and economic milestones within each Age to unlock impactful advantages in the next! EVOLVE YOUR EMPIRE AS EACH NEW AGE DAWNS To build a legacy that truly stands the test of time, you must adapt. Forge your own path through history as you reshape your empire at the start of each Age, selecting from a pool of new Age-relevant civilization options determined by your prior gameplay accomplishments. Evolving your empire unlocks fresh gameplay bonuses and unique units, so your current civilization is always at the height of its power. PLAY AS VISIONARY LEADERS OF PROGRESS Embody an illustrious leader with one of Civilization's most diverse rosters yet, from traditional heads of state known for their militaristic might or political prowess, to visionary leaders who made everlasting impacts in philosophy, science, human rights, and more! Each leader possesses a unique ability and can further be improved with customizable attributes earned through gameplay, empowering you to reinforce or pivot your strategy from one Age into the next. For the first time in franchise history, you can choose your leader separately from your civilization, giving you the freedom to create all-new strategies by mixing and matching gameplay bonuses. EXPLORE A WORLD BROUGHT TO LIFE LIKE NEVER BEFORE Make your mark on a gorgeously detailed world! Your empire comes to life with a vast, diverse range of cultural styles, represented across building architecture and unit design. Face-to-face interactions with other historic leaders immerse you in every act of diplomacy and declaration of war. As your territory expands and your cities continue to develop, lavishly rendered vistas of your empire seamlessly connect to create a vibrant metropolis.  TEST YOUR STRATEGIC METTLE IN MULTIPLAYER  Compete against other players online and prove your prowess as a great leader.** Multiplayer matches can be epic multi-Age campaigns, or take place in a single Age so you can enjoy an entire game in a single session. Cross-play is supported between PC and consoles, so you can play together with friends wherever they are.  AN ENJOYABLE STRATEGY EXPERIENCE FOR ALL With more than 30 years of franchise legacy to draw from, Civilization VII features a vast wealth of gameplay improvements that will thrill series veterans and newcomers alike. The overhauled tutorial experience and refined gameplay systems make jumping into Civilization easier than ever, while returning players will appreciate a massive suite of gameplay improvements. Move your army as one under the leadership of a commander, unlock progression bonuses for your leaders across multiple gameplay sessions, traverse navigable rivers, and much, much more!  **Online play and features (including progression bonuses) require an Internet connection and 2K Account (minimum age varies). Up to five players supported in the Antiquity & Exploration Ages. Up to eight players supported in the Modern Age. Map size restrictions may apply to certain cross-play multiplayer games. Terms apply.	1700.00	2025-02-10	Firaxis	https://media.rawg.io/media/screenshots/885/885f2a1740d363f9b7a52fd2043eed07.jpg	2025-11-10 22:21:40.678343+02	983201	t	2K Games	3.6	\N	2025-11-10 22:22:09.201191+02
16	Grand Theft Auto V	Rockstar Games went bigger, since their previous installment of the series. You get the complicated and realistic world-building from Liberty City of GTA4 in the setting of lively and diverse Los Santos, from an old fan favorite GTA San Andreas. 561 different vehicles (including every transport you can operate) and the amount is rising with every update. \r\nSimultaneous storytelling from three unique perspectives: \r\nFollow Michael, ex-criminal living his life of leisure away from the past, Franklin, a kid that seeks the better future, and Trevor, the exact past Michael is trying to run away from. \r\nGTA Online will provide a lot of additional challenge even for the experienced players, coming fresh from the story mode. Now you will have other players around that can help you just as likely as ruin your mission. Every GTA mechanic up to date can be experienced by players through the unique customizable character, and community content paired with the leveling system tends to keep everyone busy and engaged.\r\n\r\nEspañol\r\nRockstar Games se hizo más grande desde su entrega anterior de la serie. Obtienes la construcción del mundo complicada y realista de Liberty City de GTA4 en el escenario de Los Santos, un viejo favorito de los fans, GTA San Andreas. 561 vehículos diferentes (incluidos todos los transportes que puede operar) y la cantidad aumenta con cada actualización.\r\nNarración simultánea desde tres perspectivas únicas:\r\nSigue a Michael, ex-criminal que vive su vida de ocio lejos del pasado, Franklin, un niño que busca un futuro mejor, y Trevor, el pasado exacto del que Michael está tratando de huir.\r\nGTA Online proporcionará muchos desafíos adicionales incluso para los jugadores experimentados, recién llegados del modo historia. Ahora tendrás otros jugadores cerca que pueden ayudarte con la misma probabilidad que arruinar tu misión. Los jugadores pueden experimentar todas las mecánicas de GTA actualizadas a través del personaje personalizable único, y el contenido de la comunidad combinado con el sistema de nivelación tiende a mantener a todos ocupados y comprometidos.	700.00	2013-09-17	Rockstar North	https://media.rawg.io/media/games/20a/20aa03a10cda45239fe22d035c0ebe64.jpg	2025-11-10 22:24:07.927128+02	3498	t	Rockstar Games	4.47	\N	2025-11-10 22:24:19.787962+02
17	S.T.A.L.K.E.R. 2: Heart of Chornobyl	S.T.A.L.K.E.R. 2 is a brand-new entry in the legendary series, enjoyed by millions of players worldwide. \r\n\r\nThe explosive combination of first-person shooter, immersive sim and horror is back. It’s the ultimate S.T.A.L.K.E.R. experience of unprecedented scale, advanced graphics, freedom of choices and the thickest atmosphere of a deadly adventure.\r\n\r\nWelcome to The Zone — an area of exclusion around the Chernobyl Nuclear Power Plant. Full of radiation, mutants and anomalies, it keeps drawing adventurers from beyond the perimeter.\r\n\r\nBounty hunters dwell deep into the Zone, driven by its treasures and mysteries. These people are known as stalkers.\r\n\r\nAre you ready to become one of them?	1499.00	2024-11-20	GSC Game World	https://media.rawg.io/media/games/3e8/3e81585ecda204d4f4b80a041b069adb.jpg	2025-11-10 22:24:57.620126+02	58386	t	SEGA	3.77	\N	2025-11-10 22:25:08.251798+02
13	Red Dead Redemption	Red Dead Redemption is a third-person open-world adventure game which implements the Wild West at its best: it is very much GTA-clone but in bizarre stylistics and the very beginning of the twentieth century. This is the second title of a franchise, being preceded by Red Dead Revolver and followed by Red Dead Redemption 2 coming out in late 2018. \r\nWe play as John Marston who gradually takes down and take out criminals and those, who crosses his path. Among the combat mechanics, the most interesting one is "Dead Eye" — it allows one to point multiple targets out in slow motion and then shoot them simultaneously. \r\nThe game features 16-players multiplayer and cooperative and also has zombie DLC — Undead Nightmare. Additional content adds two modes to the original game: undead overrun in which you have to survive an infinite amount of zombie waves, and Land Grab in which player has to defend the particular piece of land to gain control of it. парпарпарпарарпаро	2199.00	2010-05-18	Rockstar Northавпавпвап	https://media.rawg.io/media/games/686/686909717c3aa01518bc42ae2bf4259e.jpg	2025-11-10 12:46:06.823501+02	4544	t	Rockstar Gamesкенкперк	4.42	\N	2025-11-11 09:41:01.894552+02
18	Path of Exile	Path of Exile is inspired by Diablo II and follows it basically in most of the aspects. Randomly filled pre-set of locations, heavy grind and a possibility of replaying most of the areas leaves us with only one possible outcome. \n\nPlayers wake up on grim shores of Wraeclast. Without any knowledge who we are or what have we done, players must start to explore an aggressive and cruel fantasy world of criminals, bandits and murderers. Discover the mystery of a long forgotten the Eternal Empire, and survive.\n\nMechanics are pretty simple. Choose one of six different classes, gather gems for more skills to use and grind good and synergising equipment. Due to replaying, you can grind any needed equipment or resources to buy it from vendors. Infinite loop of gameplay will still be challenging. The cooperative mode allows beating the game with a party of friends up to six people at the same time.	0.00	2013-10-23	Grinding Gear Games	https://media.rawg.io/media/games/d0f/d0f91fe1d92332147e5db74e207cfc7a.jpg	2025-12-01 12:22:05.08429+02	10533	t	Grinding Gear Games	3.65	\N	\N
20	S.T.A.L.K.E.R.: Call of Prypiat - Enhanced Edition	Back to where it all started — the S.T.A.L.K.E.R. Trilogy, one of the most visionary and groundbreaking survival first-person-shooters of all time returns. Now upscaled, enhanced must-play journey for a new generation.ENHANCED EDITION FEATURES:Atmospheric visual enhancements including God Rays, Dynamic Screen Space Reflections, and Advanced Global Illumination effects.Redesigned water shaders, upgraded skyboxes, and wetness effects.Improved visuals with upscaled textures featuring more detailed NPCs and environment.Upgraded weapon Field of View and models.Multiple bugfixes and quality of life tweaks.Full gamepad support. S.T.A.L.K.E.R.: Call of Prypiat follows the story of special service agent Major Degtyarev as he investigates the fate of a lost expedition. Rich with colorful characters, memorable side stories, and the spirit of true freedom, this chapter delivers a powerful and unforgettable conclusion to the Legends of the Zone Trilogy. ENTER UNCHARTED LANDSExplore the previously inaccessible core regions of the Zone. Traverse the marshlands of Zaton, investigate the abandoned industrial complex at Jupiter, wander through the ghostly remains of Prypiat city, and descend into long-forgotten underground catacombs, sealed away for ages.FACE NEW DANGERSThe Zone is more unpredictable than ever, its anomalies warping reality in deadly ways. Seek cover from sudden emissions and prepare to confront new mutant threats: stealthy alpha-predator Chimera and sinister Burer, whose telekinetic abilities turn shadowed undergrounds into a nightmare. CONCLUDE THE JOURNEYImmerse yourself in a unique blend of action, horror, survival, and RPG elements within the hauntingly realistic Eastern European dark science fiction world. Your choices will influence the destinies of those you encounter and shape your own survival.Good Hunting, stalker!	400.00	2025-05-20	GSC Game World	https://media.rawg.io/media/games/6fb/6fb0dbd2a38ce2ce5749b0467d9c8af1.jpg	2025-12-02 09:26:33.606422+02	1003391	t	GSC Game World	3.5	\N	2025-12-02 09:38:40.2671+02
22	Warcraft III: Reforged	Warcraft III: Reforged is a stunning reimagining of the revolutionary real-time strategy game that laid the foundation for Azeroth’s most epic stories. Veterans and newcomers alike will experience these pivotal events in Azeroth’s history like never before.	0.00	2020-01-29	Невідомий	https://media.rawg.io/media/games/4e9/4e908c9270228430128105bcd88e51bc.jpg	2025-12-02 09:27:13.563569+02	261226	t	Activision Blizzard	2.33	\N	\N
19	S.T.A.L.K.E.R.: Clear Sky - Enhanced Edition	Back to where it all started — the S.T.A.L.K.E.R. Trilogy, one of the most visionary and groundbreaking survival first-person-shooters of all time returns. Now upscaled, enhanced must-play journey for a new generation.ENHANCED EDITION FEATURES:Atmospheric visual enhancements including God Rays, Dynamic Screen Space Reflections, and Advanced Global Illumination effects.Redesigned water shaders, upgraded skyboxes, and wetness effects.Improved visuals with upscaled textures featuring more detailed NPCs and environment.Upgraded weapon Field of View and models.Multiple bugfixes and quality of life tweaks.Full gamepad support. S.T.A.L.K.E.R.: Clear Sky is the prequel chapter of the Legends of the Zone Trilogy. With the ability to directly influence the balance of power through Faction Wars, step into the boots of Scar — a seasoned mercenary, able to somehow survive deadly Emissions. Make your way to the Chornobyl Nuclear Power Plant through radiation, anomalies, enemies, mutants, and conflict-raging Zone. FACTION WARSWith anomalous activity at unprecedented levels, the Zone trembles under constant instability. Choose your path carefully or play all sides like a true mercenary and directly influence the precarious balance of power within the Zone.\r\nUNCHARTED PATHSVenture into the unknown, uncovering lost territories and secrets in Swamps, Lymansk, the Red Forest. Utilize your arsenal with new weapons and an advanced equipment upgrade system along with innovative artifact hunting mechanics.\r\nUNVEIL THE MYSTERIES OF THE PASTUnravel the deeper secrets connecting directly to the original Shadow of Chornobyl. Witness firsthand events that set the stage for future events, meeting iconic characters and exploring legendary locations as they once were.\r\nGood Hunting, stalker!	400.00	2025-05-20	GSC Game World	https://media.rawg.io/media/games/b93/b931760b459774180d53e0cf4c23012f.jpg	2025-12-02 09:26:25.474953+02	1003458	t	GSC Game World	3.15	\N	2025-12-02 09:38:45.698514+02
21	S.T.A.L.K.E.R.: Shadow of Chornobyl - Enhanced Edition	Back to where it all started — the S.T.A.L.K.E.R. Trilogy, one of the most visionary and groundbreaking survival first-person-shooters of all time returns. Now upscaled, enhanced must-play journey for a new generation.ENHANCED EDITION FEATURES:Atmospheric visual enhancements including God Rays, Dynamic Screen Space Reflections, and Advanced Global Illumination effects.Redesigned water shaders, upgraded skyboxes, and wetness effects.Improved visuals with upscaled textures featuring more detailed NPCs and environment.Upgraded weapon Field of View and models.Multiple bugfixes and quality of life tweaks.Full gamepad support. S.T.A.L.K.E.R.: Shadow of Chornobyl, the first chapter of the Legends of the Zone Trilogy, which started it all. Welcome to the former exclusion territory near the Chornobyl Nuclear Power Plant… the most dangerous place on Earth. Play as The Marked One, face sinister mysteries, radiation-soaked anomalous threats and moral dilemmas, as your decisions determine your destiny in this immersive dark sci-fi saga. EMBRACE THE DESOLATIONNavigate the isolation and suspense of a harsh Eastern European wilderness, filled with hundreds of desperate vagabonds, mutant creatures, and lurking dangers unseen.\r\nEXPLORE ANOMALOUS WORLDVenture through realistic locations deeply rooted in the anomalous aftermath of the Chornobyl disaster. Each area holds its own grim secrets and discoveries, awaiting the bravest stalkers.\r\nSURVIVE AT ALL COSTSTreacherous anomalies, invisible radiation, starvation, and ruthless mutants will hunt you in the Zone. Carefully manage your resources and utilize an arsenal of over 30 weapons. Your choices pave a non-linear path toward multiple endings in your quest to uncover the Zone's darkest secrets.\r\nGood Hunting, stalker!	400.00	2025-05-20	GSC Game World	https://media.rawg.io/media/games/90e/90eae64b842abecbb403cd9417078acf.jpg	2025-12-02 09:26:39.836423+02	1003457	t	GSC Game World	3.63	\N	2025-12-02 09:38:51.351519+02
\.


--
-- TOC entry 4979 (class 0 OID 16784)
-- Dependencies: 224
-- Data for Name: game_genres; Type: TABLE DATA; Schema: public; Owner: postgres
--

COPY public.game_genres (game_id, genres_id, "GenresId1") FROM stdin;
\.


--
-- TOC entry 4976 (class 0 OID 16769)
-- Dependencies: 221
-- Data for Name: genres; Type: TABLE DATA; Schema: public; Owner: postgres
--

COPY public.genres (genres_id, name_genres, description_genres) FROM stdin;
\.


--
-- TOC entry 4986 (class 0 OID 16844)
-- Dependencies: 231
-- Data for Name: order_items; Type: TABLE DATA; Schema: public; Owner: postgres
--

COPY public.order_items (order_item_id, unit_price, order_id, game_id) FROM stdin;
1	1499.00	2	17
2	1499.00	3	17
3	0.00	4	18
4	700.00	5	16
5	1700.00	5	15
6	150.00	6	14
7	0.00	7	22
8	400.00	8	20
9	400.00	8	19
10	400.00	8	21
\.


--
-- TOC entry 4981 (class 0 OID 16800)
-- Dependencies: 226
-- Data for Name: orders; Type: TABLE DATA; Schema: public; Owner: postgres
--

COPY public.orders (order_id, order_date, total_amount, payment_method, user_id) FROM stdin;
2	2025-12-01 12:06:22.383747+02	1499.00	Card	1
3	2025-12-01 12:20:54.189789+02	1499.00	Card	1
4	2025-12-01 12:22:21.057692+02	0.00	Card	1
5	2025-12-02 09:05:15.215494+02	2400.00	Card	1
6	2025-12-02 09:25:51.874643+02	150.00	Card	1
7	2025-12-02 09:38:08.489284+02	0.00	Card	1
8	2025-12-02 09:39:14.585208+02	1200.00	Card	1
\.


--
-- TOC entry 4983 (class 0 OID 16811)
-- Dependencies: 228
-- Data for Name: reviews; Type: TABLE DATA; Schema: public; Owner: postgres
--

COPY public.reviews (review_id, rating, comment, created_at, game_id, user_id) FROM stdin;
\.


--
-- TOC entry 4984 (class 0 OID 16828)
-- Dependencies: 229
-- Data for Name: user_library; Type: TABLE DATA; Schema: public; Owner: postgres
--

COPY public.user_library (user_id, game_id, acquired_time) FROM stdin;
1	17	2025-12-01 12:20:54.25205+02
1	18	2025-12-01 12:22:21.102415+02
1	15	2025-12-02 09:05:15.31701+02
1	16	2025-12-02 09:05:15.29029+02
1	14	2025-12-02 09:25:51.92702+02
1	22	2025-12-02 09:38:08.550459+02
1	19	2025-12-02 09:39:14.599597+02
1	20	2025-12-02 09:39:14.596232+02
1	21	2025-12-02 09:39:14.601071+02
\.


--
-- TOC entry 4978 (class 0 OID 16777)
-- Dependencies: 223
-- Data for Name: users; Type: TABLE DATA; Schema: public; Owner: postgres
--

COPY public.users (user_id, username, email, password_hash, role, created_at, avatar_url) FROM stdin;
1	Black_Trall	prohodeckirilo@gmail.com	$2a$11$78Kv28JkBHcGNPeonQJEg.WuMF4MzDuLEe0wrRMamqHIZMvp7ueQy	admin	2025-11-10 21:47:46.056709+02	\N
\.


--
-- TOC entry 4994 (class 0 OID 0)
-- Dependencies: 232
-- Name: cart_items_cart_item_id_seq; Type: SEQUENCE SET; Schema: public; Owner: postgres
--

SELECT pg_catalog.setval('public.cart_items_cart_item_id_seq', 17, true);


--
-- TOC entry 4995 (class 0 OID 0)
-- Dependencies: 218
-- Name: game_game_id_seq; Type: SEQUENCE SET; Schema: public; Owner: postgres
--

SELECT pg_catalog.setval('public.game_game_id_seq', 22, true);


--
-- TOC entry 4996 (class 0 OID 0)
-- Dependencies: 220
-- Name: genres_genres_id_seq; Type: SEQUENCE SET; Schema: public; Owner: postgres
--

SELECT pg_catalog.setval('public.genres_genres_id_seq', 1, false);


--
-- TOC entry 4997 (class 0 OID 0)
-- Dependencies: 230
-- Name: order_items_order_item_id_seq; Type: SEQUENCE SET; Schema: public; Owner: postgres
--

SELECT pg_catalog.setval('public.order_items_order_item_id_seq', 10, true);


--
-- TOC entry 4998 (class 0 OID 0)
-- Dependencies: 225
-- Name: orders_order_id_seq; Type: SEQUENCE SET; Schema: public; Owner: postgres
--

SELECT pg_catalog.setval('public.orders_order_id_seq', 8, true);


--
-- TOC entry 4999 (class 0 OID 0)
-- Dependencies: 227
-- Name: reviews_review_id_seq; Type: SEQUENCE SET; Schema: public; Owner: postgres
--

SELECT pg_catalog.setval('public.reviews_review_id_seq', 1, false);


--
-- TOC entry 5000 (class 0 OID 0)
-- Dependencies: 222
-- Name: users_user_id_seq; Type: SEQUENCE SET; Schema: public; Owner: postgres
--

SELECT pg_catalog.setval('public.users_user_id_seq', 4, true);


--
-- TOC entry 4789 (class 2606 OID 16759)
-- Name: __EFMigrationsHistory PK___EFMigrationsHistory; Type: CONSTRAINT; Schema: public; Owner: postgres
--

ALTER TABLE ONLY public."__EFMigrationsHistory"
    ADD CONSTRAINT "PK___EFMigrationsHistory" PRIMARY KEY ("MigrationId");


--
-- TOC entry 4816 (class 2606 OID 16909)
-- Name: cart_items PK_cart_items; Type: CONSTRAINT; Schema: public; Owner: postgres
--

ALTER TABLE ONLY public.cart_items
    ADD CONSTRAINT "PK_cart_items" PRIMARY KEY (cart_item_id);


--
-- TOC entry 4791 (class 2606 OID 16767)
-- Name: game PK_game; Type: CONSTRAINT; Schema: public; Owner: postgres
--

ALTER TABLE ONLY public.game
    ADD CONSTRAINT "PK_game" PRIMARY KEY (game_id);


--
-- TOC entry 4799 (class 2606 OID 16788)
-- Name: game_genres PK_game_genres; Type: CONSTRAINT; Schema: public; Owner: postgres
--

ALTER TABLE ONLY public.game_genres
    ADD CONSTRAINT "PK_game_genres" PRIMARY KEY (game_id, genres_id);


--
-- TOC entry 4793 (class 2606 OID 16775)
-- Name: genres PK_genres; Type: CONSTRAINT; Schema: public; Owner: postgres
--

ALTER TABLE ONLY public.genres
    ADD CONSTRAINT "PK_genres" PRIMARY KEY (genres_id);


--
-- TOC entry 4813 (class 2606 OID 16848)
-- Name: order_items PK_order_items; Type: CONSTRAINT; Schema: public; Owner: postgres
--

ALTER TABLE ONLY public.order_items
    ADD CONSTRAINT "PK_order_items" PRIMARY KEY (order_item_id);


--
-- TOC entry 4802 (class 2606 OID 16804)
-- Name: orders PK_orders; Type: CONSTRAINT; Schema: public; Owner: postgres
--

ALTER TABLE ONLY public.orders
    ADD CONSTRAINT "PK_orders" PRIMARY KEY (order_id);


--
-- TOC entry 4806 (class 2606 OID 16817)
-- Name: reviews PK_reviews; Type: CONSTRAINT; Schema: public; Owner: postgres
--

ALTER TABLE ONLY public.reviews
    ADD CONSTRAINT "PK_reviews" PRIMARY KEY (review_id);


--
-- TOC entry 4809 (class 2606 OID 16832)
-- Name: user_library PK_user_library; Type: CONSTRAINT; Schema: public; Owner: postgres
--

ALTER TABLE ONLY public.user_library
    ADD CONSTRAINT "PK_user_library" PRIMARY KEY (user_id, game_id);


--
-- TOC entry 4796 (class 2606 OID 16783)
-- Name: users PK_users; Type: CONSTRAINT; Schema: public; Owner: postgres
--

ALTER TABLE ONLY public.users
    ADD CONSTRAINT "PK_users" PRIMARY KEY (user_id);


--
-- TOC entry 4814 (class 1259 OID 16915)
-- Name: IX_cart_items_game_id; Type: INDEX; Schema: public; Owner: postgres
--

CREATE INDEX "IX_cart_items_game_id" ON public.cart_items USING btree (game_id);


--
-- TOC entry 4797 (class 1259 OID 16859)
-- Name: IX_game_genres_GenresId1; Type: INDEX; Schema: public; Owner: postgres
--

CREATE INDEX "IX_game_genres_GenresId1" ON public.game_genres USING btree ("GenresId1");


--
-- TOC entry 4810 (class 1259 OID 16860)
-- Name: IX_order_items_game_id; Type: INDEX; Schema: public; Owner: postgres
--

CREATE INDEX "IX_order_items_game_id" ON public.order_items USING btree (game_id);


--
-- TOC entry 4811 (class 1259 OID 16861)
-- Name: IX_order_items_order_id; Type: INDEX; Schema: public; Owner: postgres
--

CREATE INDEX "IX_order_items_order_id" ON public.order_items USING btree (order_id);


--
-- TOC entry 4800 (class 1259 OID 16862)
-- Name: IX_orders_user_id; Type: INDEX; Schema: public; Owner: postgres
--

CREATE INDEX "IX_orders_user_id" ON public.orders USING btree (user_id);


--
-- TOC entry 4803 (class 1259 OID 16863)
-- Name: IX_reviews_game_id; Type: INDEX; Schema: public; Owner: postgres
--

CREATE INDEX "IX_reviews_game_id" ON public.reviews USING btree (game_id);


--
-- TOC entry 4804 (class 1259 OID 16864)
-- Name: IX_reviews_user_id; Type: INDEX; Schema: public; Owner: postgres
--

CREATE INDEX "IX_reviews_user_id" ON public.reviews USING btree (user_id);


--
-- TOC entry 4807 (class 1259 OID 16865)
-- Name: IX_user_library_game_id; Type: INDEX; Schema: public; Owner: postgres
--

CREATE INDEX "IX_user_library_game_id" ON public.user_library USING btree (game_id);


--
-- TOC entry 4794 (class 1259 OID 16866)
-- Name: IX_users_email; Type: INDEX; Schema: public; Owner: postgres
--

CREATE UNIQUE INDEX "IX_users_email" ON public.users USING btree (email);


--
-- TOC entry 4826 (class 2606 OID 16910)
-- Name: cart_items FK_cart_items_game_game_id; Type: FK CONSTRAINT; Schema: public; Owner: postgres
--

ALTER TABLE ONLY public.cart_items
    ADD CONSTRAINT "FK_cart_items_game_game_id" FOREIGN KEY (game_id) REFERENCES public.game(game_id) ON DELETE CASCADE;


--
-- TOC entry 4817 (class 2606 OID 16789)
-- Name: game_genres FK_game_genres_game_game_id; Type: FK CONSTRAINT; Schema: public; Owner: postgres
--

ALTER TABLE ONLY public.game_genres
    ADD CONSTRAINT "FK_game_genres_game_game_id" FOREIGN KEY (game_id) REFERENCES public.game(game_id) ON DELETE CASCADE;


--
-- TOC entry 4818 (class 2606 OID 16794)
-- Name: game_genres FK_game_genres_genres_GenresId1; Type: FK CONSTRAINT; Schema: public; Owner: postgres
--

ALTER TABLE ONLY public.game_genres
    ADD CONSTRAINT "FK_game_genres_genres_GenresId1" FOREIGN KEY ("GenresId1") REFERENCES public.genres(genres_id) ON DELETE CASCADE;


--
-- TOC entry 4824 (class 2606 OID 16849)
-- Name: order_items FK_order_items_game_game_id; Type: FK CONSTRAINT; Schema: public; Owner: postgres
--

ALTER TABLE ONLY public.order_items
    ADD CONSTRAINT "FK_order_items_game_game_id" FOREIGN KEY (game_id) REFERENCES public.game(game_id) ON DELETE CASCADE;


--
-- TOC entry 4825 (class 2606 OID 16854)
-- Name: order_items FK_order_items_orders_order_id; Type: FK CONSTRAINT; Schema: public; Owner: postgres
--

ALTER TABLE ONLY public.order_items
    ADD CONSTRAINT "FK_order_items_orders_order_id" FOREIGN KEY (order_id) REFERENCES public.orders(order_id) ON DELETE CASCADE;


--
-- TOC entry 4819 (class 2606 OID 16805)
-- Name: orders FK_orders_users_user_id; Type: FK CONSTRAINT; Schema: public; Owner: postgres
--

ALTER TABLE ONLY public.orders
    ADD CONSTRAINT "FK_orders_users_user_id" FOREIGN KEY (user_id) REFERENCES public.users(user_id) ON DELETE CASCADE;


--
-- TOC entry 4820 (class 2606 OID 16818)
-- Name: reviews FK_reviews_game_game_id; Type: FK CONSTRAINT; Schema: public; Owner: postgres
--

ALTER TABLE ONLY public.reviews
    ADD CONSTRAINT "FK_reviews_game_game_id" FOREIGN KEY (game_id) REFERENCES public.game(game_id) ON DELETE CASCADE;


--
-- TOC entry 4821 (class 2606 OID 16823)
-- Name: reviews FK_reviews_users_user_id; Type: FK CONSTRAINT; Schema: public; Owner: postgres
--

ALTER TABLE ONLY public.reviews
    ADD CONSTRAINT "FK_reviews_users_user_id" FOREIGN KEY (user_id) REFERENCES public.users(user_id) ON DELETE CASCADE;


--
-- TOC entry 4822 (class 2606 OID 16833)
-- Name: user_library FK_user_library_game_game_id; Type: FK CONSTRAINT; Schema: public; Owner: postgres
--

ALTER TABLE ONLY public.user_library
    ADD CONSTRAINT "FK_user_library_game_game_id" FOREIGN KEY (game_id) REFERENCES public.game(game_id) ON DELETE CASCADE;


--
-- TOC entry 4823 (class 2606 OID 16838)
-- Name: user_library FK_user_library_users_user_id; Type: FK CONSTRAINT; Schema: public; Owner: postgres
--

ALTER TABLE ONLY public.user_library
    ADD CONSTRAINT "FK_user_library_users_user_id" FOREIGN KEY (user_id) REFERENCES public.users(user_id) ON DELETE CASCADE;


-- Completed on 2025-12-08 23:24:08

--
-- PostgreSQL database dump complete
--

\unrestrict 9s32K749JBDrO8GuQOAqqvNVCrWA9b9idjGPomFdXEYWShGOaa0Bong26Aol7fs

